{
  "version": "1.0",
  "defaultProvider": "cdnjs",
  "libraries": [
    {
      "library": "bootstrap@5.1.3",
      "destination": "wwwroot/lib/bootstrap/",
      "files": [
        "css/bootstrap.min.css",
        "css/bootstrap.min.css.map",
        "css/bootstrap-grid.min.css",
        "css/bootstrap-grid.min.css.map",
        "css/bootstrap-reboot.min.css",
        "css/bootstrap-reboot.min.css.map",
        "css/bootstrap-utilities.min.css",
        "css/bootstrap-utilities.min.css.map",
        "js/bootstrap.min.js",
        "js/bootstrap.min.js.map",
        "js/bootstrap.bundle.min.js",
        "js/bootstrap.bundle.min.js.map"
      ]
    },
    {
      "library": "validate.js@0.13.1",
      "destination": "wwwroot/lib/validate.js/",
      "files": [
        "validate.min.js",
        "validate.min.map"
      ]
    }
  ]
}