<?xml version="1.0"?>
<doc>
    <assembly>
        <name>BoardPAC.Main.API</name>
    </assembly>
    <members>
        <member name="M:BoardPAC.Main.API.Controllers.AccessesController.GetUsersInSubcomittee(System.Int32)">
            <summary>
             Gets the subcommittee accesses as meeting participants
            </summary>
            <remarks>
            Used to get meeting participants during meeting create.
            </remarks>
            <param name="id">SubcommitteeId</param>
            <returns cref="T:BoardPAC.Main.Core.Models.Meeting.Participant">Participant</returns>
        </member>
        <member name="M:BoardPAC.Main.API.Controllers.MeetingsController.MeetingMarkAsViewedAsync(System.Int32,Common.Core.Models.MarkViewedVm)">
            <summary>
            Update meeting viewed status in MeetingUsers table, when user viewed the meeting.
            </summary>
            <remarks>
             Used for service calls from devices
            </remarks>
            <param name="id">Meeting Id</param>
            <param name="model">Meeting Id</param>
            <returns></returns>
        </member>
        <member name="T:BoardPAC.Main.API.Controllers.UploadItemsController">
            <summary>
            DO NOT REMOVED UNSUED REFID PARAMETERS YET.
            </summary>
        </member>
        <member name="M:BoardPAC.Main.API.Controllers.UploadItemsController.GetUploadItemsAsync(Common.Core.Enums.UploadItemType)">
            <summary>
            Get all upload items according to the given type
            </summary>
            <param name="uploadItemType">25 - News, 20 - Shared Documents</param>
            <returns></returns>
        </member>
        <member name="M:BoardPAC.Main.API.Controllers.UploadItemsController.DeleteUploadItemAsync(System.Int32,System.Int32,System.Int32,Common.Core.Enums.DeleteType)">
            <summary>
            Removes a particular upload item according to the given delete type
            </summary>
            <param name="id"></param>
            <param name="subcommitteeId"></param>
            <param name="deleteType">0 - Soft Delete 1 - Hard Delete</param>
            <returns></returns>
        </member>
        <member name="M:BoardPAC.Main.API.Controllers.UsersController.AddUsersAsync(BoardPAC.Main.Core.Models.User.UserModel)">
             <summary>
             Creates a new user for the tenant
             </summary>
             <remarks>
             Sample request:
            
                 POST /users
                 {
                     "displayName": "officePhoneNumber",
                     "firstName": "Office",
                     "lastName": "User",
                     "mobileNumber": "+9471 324 3301",
                     "primaryEmail": "harshap@boardpac.co",
                     "status": 2,
                     "title": "Mr",
                     "userName": "officeNoUser2",
                     "displayUsername": "OfficeNoUser",
                     "boardRoleName": "Member",
                     "userDetail": {
                         "isDisclaimerViewed": false,
                         "isEnableThirdPartyEmailClients": 0,
                         "pastDataAllowFor": 0,
                         "pastDataAllowFrom": null,
                         "userImageBase64": "",
                         "userImageLastModifiedOn": null,
                         "signatureImageBase64": "",
                         "officePhoneNumber": "+9471 324 3301",
                         "tenantId": 1,
                         "companyId": 0
                         }
                 }
            
             </remarks>
             <param name="model"></param>
             <returns>A newly created user</returns>
             <response code="200">Returns the newly created user</response>
             <response code="400">An error occurred</response>
        </member>
        <member name="M:BoardPAC.Main.API.Controllers.UsersController.GetAllUsersAsync(System.Boolean)">
            <summary>
            Gets all users, fetching deleted and deactived users are controlled by settings.
            </summary>
            <returns>List of users</returns>
        </member>
        <member name="M:BoardPAC.Main.API.Controllers.UsersController.GetAllUsersByRoleAsync(Common.Core.Enums.UserType)">
            <summary>
            Gets all users, fetching deleted and deactived users are controlled by settings.
            </summary>
            <returns>List of users</returns>
        </member>
        <member name="T:BoardPAC.Main.API.Middlewares.AddAuthorizeFiltersControllerConvention">
            <summary>
            Dynamically Bind Policies to actions
            </summary>
        </member>
        <member name="T:BoardPAC.Main.API.Middlewares.PermissionAuthorizationHandler">
            <summary>
            Handles Permission for All actions (Roles and Permission Groups)
            </summary>
        </member>
    </members>
</doc>
