﻿{
  "Account": {
    "PasswordResetWrongLink": "Please use the link in the email",
    "PasswordsDoNotMatch": "Passwords do not match"
  },
  "Dashboard": {
    "SaveMemberAnswers": "Your survey details have been saved. Please note that you can edit the response until you submit",
    "SubmitMemberAnswers": "Your responses have been successfully submitted"
  },
  "ErrorMessage": {
    "ErrorCode1": "The URL is not valid. Please use the URL in the email",
    "ErrorCode2": "The survey has been expired",
    "ErrorCode3": "Sorry! You cannot answer the questionnaire",
    "ErrorCode4": "You have already responded the questionnaire",
    "ErrorCode5": "Not Authorized!",
    "ErrorCode6": "Sorry! The Questionnaire is completed",
    "ErrorCode7": "Invalid URL",
    "ErrorCode8": "The URL for previewing is not valid",
    "CommonError": "Something went wrong!"
  },
  "Group": {
    "DeleteConfirmation": "Do you want to delete this record?"
  },
  "Login": {
    "IncorrectCredentials": "Incorrect Username or Password"
  },
  "Questionnaire": {
    "ResponseSavingFailed": "Response could not be saved"
  },
  "Role": {
    "SuccessMessage": "Successfully Saved",
    "ErrorMessage": "An error occurred",
    "DeleteConfirmation": "Do you want to delete this record?"
  },
  "UserMgt": {
    "SuccessMessage": "Successfully Saved",
    "ErrorMessage": "An error occurred",
    "DeleteConfirmation": "Do you want to delete this record?"
  },
  "VotingResult": {
    "SuccessPDFUpload": "Your pdf has been uploaded",
    "ErrorPDFUpload": "PDF could not be uploaded",
    "SuccessPDFDownload": "Your pdf has been downloaded",
    "PDFDownloading": "PDF Downloading",
    "PDFUploading": "PDF uploading"
  }

}
