<?xml version="1.0"?>
<doc>
    <assembly>
        <name>BoardPAC.Sync.API</name>
    </assembly>
    <members>
        <member name="T:BoardPAC.Sync.API.Middlewares.AddAuthorizeFiltersControllerConvention">
            <summary>
            Dynamically Bind Policies to actions
            </summary>
        </member>
        <member name="T:BoardPAC.Sync.API.Middlewares.PermissionAuthorizationHandler">
            <summary>
            Handles Permission for All actions (Roles and Permission Groups)
            </summary>
        </member>
    </members>
</doc>
